Id,Text
1,It comes
2,Im gearing up for the Whos with me
3,Get set to drive o  into wishes you all a Merry Christmas and an incredible
4,Dont just write up a list of s Create a personal shrine to embody how you want to FEEL
6,Hi have a lovely and Sorry I missed the party
7,This one
8,The is right around the corner Get your in place before it is too late
9,Check here for some ideas New Year Design Red Fireworks collection
10,Want a chance to win a new knife for the new year Enter now ht
11,Gonna take singing more seriously in the
12,Call for your reservation
13,New single
14,Enter the Christmas Now TV to great Now TV box viewing in the
15,The taping of the muzzles did not prevent sDay
16,Happy New Year Images
17,The road to fitness has many detours but you must stay on track to see results Ignore the temptations
18,at first i was bummed about probably working on nye but now im thinking the money will be worth it
19,I got              domination
20,People under the sign of the Goat are tender polite clever and kindhearted They usually have special sensitivity to art and b
21,This coming year i am going to make better choices
22,Vintage Postcard New Year Little Girl Goblet RPPC Undivided Back eBay
24,surprise Get ready to plan your in with great starting from December Follow our
25,Want to ring in the with style Check out this new party idea youve never tried before
26,Vintage Postcard New Year Little Girl Goblet RPPC Undivided Back eBay ENDS MONDAY
27,Happy new year SEND HAPPY NEW YEAR GREETING nisantasi
28,Merry Christmas And SEND HAPPY NEW YEAR GREETING New Year
29,Trading Hours              jetty food store
30,HAPPY NEW YEAR SEND HAPPY NEW YEAR GREETING
31,DJ Solovey Happy SEND HAPPY NEW YEAR GREETING New Year Original mix
32,CNC Happy New SEND HAPPY NEW YEAR GREETING Year
33,New yummy updates coming to Carthay Circle Restaurant
34,Just a reminder our office will be closing for the Holidays this week
35,Easy Prosperity Spell For The
36,Santurce San Juan Puerto Rico
37,Smash those goals with me
38,Me deciding who Id like to stay friends with in
39,Free Cross Pattern
40,Play by Your Own Rules in
41,So wish I could be there to watch the ball dropbut the second best thing Our New York sEve
42,the game tape will often expose opportunities to score Watch your game tape and prepare to score BIG in for
43,New Years Ball at the Butchers in
44,Great              evening to participate in Holiday Open House Event
45,start the out right at s and growing Nurse Registry GoRN Apply
46,Celebrate at Call us to make your reservation
47,Our trading hours for xmas and new year
48,Is anyone else avidly looking forward to the end of and the beginning of the
49,With Heartfelt Holiday Wishes For All May The Bring amp
50,The top international dance hits of to get your party started
51,RT MOM                          http
52,ATTENTION ALL PASSENGERS ITS TIME TO RENEW YOUR PASSPORTS
53,New Year Resolutions   As the year draws nearer to an end we
54,Reflecting on It was rough but Ive learned a lot
55,May   hope amp    be urs during this amp throughout the Thank you cast amp cre
56,Frontline Festival is considering how to delegate more to his team in
57,Get ready for w your FREE Goal Setting Guide gt
58,A BodyPositive Resolution And Ways to Implement It This Year
59,RTMOM                           TY http
60,Hey did you know you dont have to wait until the New Year to change the things you dont like in your life
61,The January Me Time
62,I just found best
63,Thanks for featuring Better Life Planner in your blog post What an honour
64,Did you know that with weeks left in the year this is when you should found out your need in to
65,Is everyone ready for the NEW YEAR I am new life happiness prosperity amp love Im really in a good place I              MYSELF
66,girl gift
67,Leandro Carvalhos
68,Please continue to use the hashtag to share your thoughts of during the and into the
69,New Year s Resolutions All Pet Owners Should Consider Making In
70,Looking ahead to the why not make a Happy Things Jar
71,THIS
72,Holiday season a time to reflect time for time to set for the
73,has been a year of tough decisions and broken lives promises to be a year of changes Lets make them good sound ones
74,Jingle books and bells
75,As comes to a close here are ways to ring in the on a positive note Insights
76,What happens when you eat a Mcrib have a hairy Christmas and a crappy
78,Felicidades
79,tips to blast
80,Starting thinking and creating a new year for
81,for the crushdrums
82,Syrian HuffPo Women to Blame for New Years Sex Attacks sDay
84,Nature walk ideas to the
85,Silver green and red will be a wonderful year for everyone
86,Personal Challenges That Will Make Your Best Year Ever
88,the amp with
89,To help you get outdoors over the festive season were counting down to the with ideas for h
90,Your mantra Download my full anthology free on here
91,Vintage Postcard New Year Little Girl at Window Illustration eBay ENDS
92,Holidays at
93,is right around the corner Check out these Fundamental Money Habits For The
94,Vintage Postcard New Year Little Girl at Window Illustration eBay ENDS MONDAY
95,The best New Year s Eve parties and events in Toronto
96,Another SHOW Breaking in the Double Hitter Bad Bunny amp Baby Rasta
97,New year special SEND HAPPY NEW YEAR GREETING craft
98,Happy new year SEND HAPPY NEW YEAR GREETING in advance
99,Merry Christmas Happy SEND HAPPY NEW YEAR GREETING New Year Cartoon AnimationWishesSo
100,I am Hip Hop
101,Bundaberg Regional Libraries will be closed between amp See times here
102,I would describe as
103,new jumper be the you
104,Life wont be the same in
105,Out of all years Ive currently experienced I have to say I will be most excited to leave in the past
106,Welcome in the most traditional way
107,Hi Ann Came across thisReserved page as I searched to check for you are on gabai Have a wonderfu
108,Just a little advice for the                                      Start right
109,Morning world We are only two weeks away from New Year
111,Tacos for the win
112,Lord have your way lt
113,great to improve your amp
114,to amp
115,Have a purrfect holiday and a happy healthy
116,Fee                                         to amp
118,Check out our listing of here h
119,wish all of you and a happy may the Almighty king of kings be with you
120,mas at Somewhere in Dadap pic
121,Get your opened Check out the The Great Mail Collection  for ideas for the
122,Mood all
123,This join us for a talk meal amp dedicated to
124,We are expanding the for the Contact us for your needs for htt
125,WOWOur Christmas            tree has blossom on its roots
126,annual leave explained in seconds
127,Predictions and Trends for the   pictwittercomMbP
128,Romance is a part of the Goats being Moonlight and roses soft music and candlelight will get them every time
129,Who else is ready for
130,Another Show breaking in the double hitter Bad Bunny amp
131,Start the with a great day at the races Find out more
132,The Lifes Way A Memoir This Month Last Year May
133,The Tower at is available to book for nights or more over the period
134,Check out our listing of here
135,During
136,We have some exciting new Were launching a brand new program in the thatll scorch Read more
137,This
138,If youre family is traveling over send them a to welcome them home for the
139,Hi Lee thanks and have a great and xx
140,Dopamix The Dopamine Remix EP coming
141,Her eyes sparkle She was well favoured In Jesus Name Genesis
142,chrisms gift
143,Let it snow SEND HAPPY NEW YEAR GREETING New Year Reservinam Happy New Year and Merry
144,Happy new year SEND HAPPY NEW YEAR GREETING
145,Merry Christmas Happy SEND HAPPY NEW YEAR GREETING New Year
146,Merry Christmas and SEND HAPPY NEW YEAR GREETING Happy New Year
147,Best performance happy SEND HAPPY NEW YEAR GREETING new year
148,Happy new year SEND HAPPY NEW YEAR GREETING Happy new year song
149,madly waiting for st look any plans
150,New Year
151,Almost that time again Another Year   Drop that at ya party amp tag me
152,NEW YEARS EVE
153,How to Have a Happy Holiday
154,So excited for bigplans bit
155,The Holidays are just beginning but we already have a Forecast for Summer Sun and SJ
156,This looks f Happy s
157,Do you have a shower or maybe a party to organize in the View our BridalBaby shower package h
158,Do you have a shower or maybe a party to organize in the View our BridalBaby shower package
159,We are looking for places to travel in the new year What US city should we visit
160,Its almost time for that BS lol
161,for the
162,Being with your beloved once Is the healthiest thing ever for your heart body and mind
163,Check out our last year s party Were sure you dont want to miss it this year
164,Will be a buyers market or a sellers market homes
165,Even after December consider to celebrate the
166,Guest author Anne Jones gives advice on how to avoid season
167,New calendar The is my FAVORITE Do you still use a wall calendar
168,RT MOM                          htt
169,Hitmen psychos amp for a limited time over amp
170,Arbolitos de Navidad Fruti Vip Pedidos hasta el Mircoles
171,Do you have a favorite
172,Une de pour fter le chinois
173,I learn the name of the
174,When you it and book the New Years trip to Paris
175,Bookmark this video for great lessons
176,Youre so welcome lt Enjoy xx Wishing you a fabulous and lt
177,Upgrade our window for
178,Predictions and Trends for the
179,Trends You ll See In by
180,is almost here Bot
181,Planning out some pretty awesome stuff for
183,I hope is better than
184,Plenty of new amp reconditioned in stock ready for Christmas and http
185,Our amp programming starts today please see the schedule for details on our shows from pm UK
186,Our amp programming starts today please see the schedule for details on our shows from pm UK GMT
187,Make each day count
188,Ill be hitting the stage for the Remember to buy tickets Gifts for everyone who comes
189,To find out when Council s Service Centres and facilities will be open during the and period se
190,this weight loss bundle ready for the amp to be in with a chance c
191,Day of our Making plans for the Join us at these exhibitions in Jan amp Feb
192,If you like to stand out check the latest ad in amp let us design your clubteam kits for the
193,Its crazy how fast has gone by cant wait to see what has in store I have a good feeling about this one
194,Happy Christmas and happy holidays to all Nritya members we will see you in
196,A little early but heres to hoping humanity learns something this
197,AJs Designs Happy New Years and Cheers
198,For the Your             SPEEDWAY HOVERBOARDS              NOW AVAILABLE AT              SALES CODE MILLS
199,Luxury chess pieces chessmen New York BLACKEXTRA queens
200,I been seeing this for a few years actually
201,Happy new year SEND HAPPY NEW YEAR GREETING aman khare
202,Happy New Year SEND HAPPY NEW YEAR GREETING Fireworks Frohes Neues Jahr
203,What is your sResolution Is it to workout more Get off any membership Dec Jan Click here
204,Come ring in the in with our celebration
205,and a              Had to try out the
206,Luxury handmade chess setBrass chessmen walnut mosaic board htt
207,See our latest CA and click to apply WMS Analyst
208,My reading list to prepare for the Some for work some for film and some for the
209,New track                                     Prod by                            COMING SOON
210,New Year New Home New You
211,Writing out my running goals for is more stressful than I thought it would be a year ago I was happy I could run km
212,Dozivi deo magije                          Nis Centar
213,The Lifes Way Photo Walk Gardens of the Nature
215,Make Your WORD OR THE YEAR Work For YOU
217,Do you know someone looking for a fresh challenge in
218,Be sure to come by Last days to check out our before we Our show in the
219,Damn was right This is the year of like realizing stuff NEW POST
220,DIY How to Decorate Candles for Christmas and New Year
221,Anyone else
222,Soon Oscars party
224,Because aligning your body and mind wiith your Soul will be the most powerful decision you make to date
229,Goodbye I will never forget you What will you remember
230,Planning a change in the Want a new Luckily has some top CV writing tips to help
231,THE FIRST WORDS YOU SEE WILL DEFINE HOW WILL BE I got harmony adventure humour
236,Improve UR health in the w ULTIMATE in oxygenation amp purification
239,Luxury handmade chess setBrass chessmen walnut mosaic board
240,Im enjoying my Holiday and end year cap
241,Just about everyone can use some helpadvice this time of year so here you go
243,Love these girlies              roll on the new year so I can get these roots sorted out
244,A great movie by everyone Just like this cute birdie in the you will
245,Seasons Greetings
250,Want to kick off the in style Why not join us for our brunch Book now on
252,thanks to Oksana Izotova for
257,happy new year SEND HAPPY NEW YEAR GREETING its going to be a blast
258,New Year Celebrations SEND HAPPY NEW YEAR GREETING In Oxford Street London
259,Indal Nirala Bhojpuri SEND HAPPY NEW YEAR GREETING Hot New Year Song
260,Happy new year SEND HAPPY NEW YEAR GREETING by Bittu
261,Happy New year SEND HAPPY NEW YEAR GREETING
262,New Year Celebration SEND HAPPY NEW YEAR GREETING Fireworks And Countdown At Midnight
263,Happy New Year SEND HAPPY NEW YEAR GREETING Mix Mega Dance Mix By Gerti Prenjasi
266,Its getting exciting
267,That time of the week again goodnight and beyond have a great and a Peaceful remember stay s
268,So glad you enjoyed it seeing more of you in
269,Feast your eyes on the November for Women Order today for a de
270,New promo for Kids Eat Free
274,Excited
275,The fitness journey begins when you start to believe in yourself You can do it
278,On Saturday December welcome the at with a special menu dancing live mariachi music amp more Book o
282,Best Wishes To All from
284,Trends of LED lighting benefit video surveillance
286,Love these little lights
289,Good news of the day besides fresh baked officially on the list for Looking forward to the
299,I liked a video LIVE CHRISTMAS COUNTDOWN
303,Long days we will have bluegrey king oyster and in the grown
305,That time of the week again goodnight and beyond have a great and a Peaceful rememb
307,I think some day it will happen Lets see how our starts nice post
308,I am looking forward to next year hope to grow achieve and move forward with family and friends that care and matter the most
309,New Years Day Dash
313,New blog post on how to get fit in
316,Action Day Bestseller on Amazon UK and Canada
317,Come celebrate the Holidays with us Come save with us Today
318,Happy New YearVivek SEND HAPPY NEW YEAR GREETING Kumar
319,Happy new Year SEND HAPPY NEW YEAR GREETING Celebrations
320,Happy New Year SEND HAPPY NEW YEAR GREETING by raffayabid abidtax
321,Happy new year SEND HAPPY NEW YEAR GREETING Hindi
327,All the fun of Sunday afternoon wth Amy Johnson you can watch Laura Renwick this
332,Ring in the w positive and personal Be sure to book your stay early rooms go quickly
333,days of work then off till the rd over Xmas then days at work then a long weekend in Disney Paris
334,Good endofyear perspective check
340,New Years Eve collection
342,Your desire to change must be greater than your desire to stay the same
344,means new challenges Are you looking for a new role in Be sure to check out over jobs
348,Gateway to heaven manifestation             Genesis
350,Up to Off FREE Shipping
354,get ready for at our board party
361,Get Christmas and New Year Discount on All LogicHunt Products
362,amp Special Are Available Guidance for amp
363,On your list of sResolutions dump one of the practical
367,Let your furry best friend Celebrate the New Year too
368,Winter wonderland getting ready for amp celebrations
369,New Year Greeting Postcard Postmark Sent To Iowa Gibson Art CoVintage
370,Need a laugh Celebrate amp with Kim amp Brien Corsario Cove humorous
372,Add a touch of glamour to your party outfit with this clutch
375,Count down to holiday begins
376,New year Gif
377,Im feeling festive amp hopeful about Who fancies a giveaway
378,shifts to survive then its Christmas holiday time
379,I finished design of house for New Year Music by Brenda Lee
381,We are on Looking forward to sharing more amazing stories from after the Sending you al
382,Are you excited for the We have some exciting things in store for Changos What are your plans
385,Order your amp Cakes now
386,Best Elegant Dresses SEND HAPPY NEW YEAR GREETING for New Year Eve
387,We will be first to release upcoming moving events in on Cryptonaire Newsletter Subscribe
388,Happy New Year SEND HAPPY NEW YEAR GREETING Images YouTube
389,Happy New Year SEND HAPPY NEW YEAR GREETING Greeting Card For Whatsapp YouTube
390,Happy New Year SEND HAPPY NEW YEAR GREETING Fireworks YouTube
391,happy new year SEND HAPPY NEW YEAR GREETING song Monti disuja
395,Trends for Job Searching in by on
398,A as a gift or a project Nows a great time to get a good deal on and
400,The excitement has begun to welcome New Year
401,Dream big
403,I finished design of house for New Year
404,Celebrating an Amazing New Year Filled with amp
405,So Beautiful Cathy Happy Holidays
406,working days left this year Im hyped for the festivities with friends and family
407,Whether your New Years resolution is to eat healthier or save money makin
411,A To Try BeHappy
412,The year started with amp pre starts with combo
418,Happy Holidays
419,Get set for the with OFF your next order when you purchase the Santiago cognac today
423,Guess the Celebrity amp win a COUPLE PASS to the Retweet the post along with your
424,Xmas coming finally                                                                                                                                                                                                                           Praa
426,Just had an inspired as part of their xmas party They need to make this a thing in the Amazing
429,Did you know our rooms are only on new years day start your year the right way
430,Ring in the Sinatra Style w the Museum Open bar dinner amp dancing w Victory Swing Orchestra
431,Ringa Ding DingChime in the             Dinner nights Brunch winery couple
434,Life is what you build everyday
435,continues for more days Then it is in
436,Ill be off to apply this and offer at the in the
438,A splash of colour for your party outfit
440,Its never too early to set goals for the ready to harness your inner entrepreneur Join Avon today
442,Fresh Start Ideas for the New Year
447,Youll greet the happy healthy and wise if you follow these expert tips
451,Check out these steps that will improve your plan for
454,Free and Festive Ways to Ring in Around the World
459,of the most creative popup shop ideas to try in the
464,All markets done We want to wish our customers and the traders a very see you all in the
467,Merry Christmas from Xclusives Thank you so much for your business
468,A little helping hand with those New Years Resolutions
469,Major Tips for You to Stop Making
470,Miss this little man more than anything when Im away Cant wait for the new year
471,Now is the time to think about developing you or your business   new start
476,Toast the with order by midnight for Ground shipping or for day shipping
478,dinner with the celebrations for a successful on
479,Join us between and From Dec Jan we will be running a full two steam service every day
481,Happy             holidays from my family to yours                         hope to see you next year
483,The new year is almost here Tips to look your best twittercommimiandjane
484,Start the with new Best gtgtgt
486,We have limited availability for restaurant reservations on New Years Eve
487,Anybody else thinking about Crazy to think is only weeks away
490,Oh Dear thank you v much for the and wishes You are kind what a wonderful
492,The year s almost over start it off on the right foot by learning how to control your destiny today
494,Easiest resolutions to keep ever
495,Anybody else thinging about Crazy to think is only weeks away
496,Absolute perfection at this moment in time
497,Dear girl your seed shall possess the gates of the land Jesus Christ Genesis
498,Smart luxury storage solutions like this hidden for the
499,Freah Start to the NEW YEAR
501,I would personally like to thank all my followers very everyone best wishes for a wonderful
503,Speedpaint Mlp Happy SEND HAPPY NEW YEAR GREETING New Year
504,New year wishes SEND HAPPY NEW YEAR GREETING
505,Stick Run new SEND HAPPY NEW YEAR GREETING Happy Merry Christmas Happy New Year And D
506,Sagittarius Happy New SEND HAPPY NEW YEAR GREETING Year Yearly Tarot Oracle Reading
507,Libra Happy New SEND HAPPY NEW YEAR GREETING Year Yearly Tarot Oracle Reading
508,Scorpio Happy New SEND HAPPY NEW YEAR GREETING Year Yearly Tarot Oracle Reading
509,GIFSET Perfectly prepared for the new year XD
510,As we are ending I thought this was a great quote to begin the New Year
511,What plans does everyone have for I dont know what or who to do                          Any parties worth considering
512,Boutique opening times over Christmas amp New Year
517,Greeting card Merry and Happy With the world and the universe Free download
518,next year you guys are coming with me well all celebrate in Italy
519,Ideas For A Happy Plus a Special Announcement
520,Happy and from
522,Have a Happy Holidays and
523,Have a Happy Holidays
524,Just for the festive season
525,Already ready for the and want to get your outfit taken care of Let us pull you a look head to toe
526,Want to ring in the on a positive note Email Ashley amedlarorg to sign up to ampm
528,Its the most wonderful time of the year
529,Happy Holidays from Aardman studio
531,Edge of Best spots for Chicago s othersSPLASH
532,Heylo party freaks this come with and let rave this up
533,Anna heard that audio is going to release on the Eve of r Is that true one
535,Holiday Season Sale Save up to on at Top Destinations
536,How to Make s Resolutions That Actually Stick
537,First day of workout new looks
543,Hi Stacey aww thank you Have a lovely and xx
544,Im so excited about the new year The TShirt Lady
545,New Year New Life is in weeks
546,Welcome the new year with happy you can order lyrics here
547,has some fun surprises in store for you this Book Now or Call us on
550,Sign up before New Year and get the family plan free month
551,Time start thinking about the has ways to keep your growing in http
556,Please this and Enjoy your Christmas safely and leave your car amp keys at home
559,And the most important part Stick to it on this
560,Looking forward to Christmas and some time off hope everyone has a relaxing and peaceful festive season
563,You ve toyed with the idea of starting your own Make it a for
564,A number of local pharmacies and GP practices are open to see patients over the and period
565,Amazing get yours here
567,A New Years card I made for front and back
569,DJ APP NEW SEND HAPPY NEW YEAR GREETING YEAR MX BASS BOOSTEDMULT VOLUME
570,New Happy New SEND HAPPY NEW YEAR GREETING year
571,Happy new year SEND HAPPY NEW YEAR GREETING to Villan bhai
572,G Keng Buddee SEND HAPPY NEW YEAR GREETING Happy New Year
573,Ring in the at NEW Grab your tickets before theyre gone
574,After I will present my next for the U take advantage of receive HAVE A MER
585,Start the right and rightsize your There is only one way to go UP UP UP We can get you there
586,Januarys new year new you offer is all massage and facials are each pm for details
591,I am ready for to be over
594,With the quickly approaching why not implement some best practices and be at your best HAPPY BIRTHDAY
597,Ring the with Explore our homes today
598,Get the started off the right way Time for a refresh Our Dorset bedroom bundle offer is the perfect starting
599,Congratulations                                      well deserved see you for some fun and fab showjumping
600,Kick your off with tix fest passes to amp Info
601,Make CoolSculpting part of your News Years Resolution
602,Get rid of what you dont want to make room for what you do want
603,Enter to win our Best of Beauty to all the way through the
608,Happy Healthy Hopeful Book Giveaway Vibe Shifting
610,Speed up your operations this amp with Omarket Management from
614,Make sure you can handle the rush this amp with the mobility table reservation online delivery
615,More great and designs with by
616,Trends and predictions for education technology
617,and is a time of celebrations so make sure you Visit now
618,Were Click to apply Software Developer FoxPro NC
619,It wont be long now What are you most excited for this
623,take it easy and have a and a Fabulous
624,The brings changes for us Well be CLOSED Mondays amp OPEN Sunday evenings in For more details p
631,A Very Merry amp s Eve at
634,Its Help spread love and in the Give a little
635,amp party outfits for women Complete Style Guide gt
637,Buy beats from my store Off Until January st
638,NewYears resolution Get organized at
640,Thank God for the nd day of the
641,Feeling the Pressure amp Stress Consider giving in the A nice is never out of style
642,Rishaba Rasi Rasi SEND HAPPY NEW YEAR GREETING palan New Year Rasi Palan Rishaba Rasi
643,merry Christmas and SEND HAPPY NEW YEAR GREETING happy new year
644,Happy New Year SEND HAPPY NEW YEAR GREETING New Year WishesGreetingsMessageQuotes Ani
645,Happy New Year SEND HAPPY NEW YEAR GREETING Countdown Timer
646,MUSIC Happy New SEND HAPPY NEW YEAR GREETING Year
647,New Year Corporate SEND HAPPY NEW YEAR GREETING party at MW High Tech Projects Moscow
648,Advance happy new SEND HAPPY NEW YEAR GREETING year in
649,happy new year SEND HAPPY NEW YEAR GREETING
650,Welcome to happy SEND HAPPY NEW YEAR GREETING new year friends
651,Start amp off right by receiving daily delivered to your inbox from
652,Merry Christmas and Happy New Year from all the team at Affinity Search
653,Healthylooking wishes fans happy new year in video sDay
654,This and celebrate your some most amazing moments at Uttarakhand and Nearby places
657,Working with a blogger for the first time starting in the Heres how to make it a great experience
658,Enjoy this holiday season
663,Well excited for this show with in the with and for at
664,Awe NaomiWoodsxxx is that your home for the See you in the
667,Learn and apply these five steps and start living the life you deserve in the new year This
669,Make a reservation today Join us in a brunch to cure those hang overs Start the New Year right
675,Allure of The Seas New Year Eve Review
676,Yes My resolution is to be more humble focus more on the positive side of things here I come whos
677,Excited about the future
678,Closer and closer to a everyday is another chance to fix ones self and make things right you couldnt
688,Relax and recharge this great in JanuaryFebruary
690,Not long until were celebrating New Years in Edinburgh
692,Im Very Happy Your Part Of The WWE NXT Family Happy Holidays
693,Our new year concert lt
694,Wishing you all a very amp a filled amp Love Matt Esther Joseph
695,Still a few rooms available between and call us and book a relaxing break away From prpn BampB
696,Wow apartments ready to move in for the New Year
697,The is fast approaching             Celebrate w the best
699,A new year means new fitness and goals Listen here to create yours
700,Wanting to update your room for the new year
702,Have a wonderful post pernicegiovann
703,The Best to Take On the
704,Sparkle for this new year
713,For a Happy Beginning Welcome with these exciting Parties in Read here ht
715,New Christmas mittens
720,Tips for Keeping Up With Business Trends in the New Year
723,New Year s SEND HAPPY NEW YEAR GREETING Eve Celebration And Fireworks In Dubai On Jum
724,Christmas and New SEND HAPPY NEW YEAR GREETING Years Eve at Hilton Alexandria Cornich
725,Wishing you all SEND HAPPY NEW YEAR GREETING MERRY CHRISTMAS and HAPPY NEW YEAR
726,New year SEND HAPPY NEW YEAR GREETING
727,Happy New Year SEND HAPPY NEW YEAR GREETING Naya sal me naya sathi bana lots
728,Musik Breakbeats Terkeren SEND HAPPY NEW YEAR GREETING Sepanjang Masa Happy New Year
729,New Year Celebration SEND HAPPY NEW YEAR GREETING In Hmong Australia
734,Movement is life Start the New Year with these helpful exercise tips from Dr Jam Caleda
735,Have your resolutions yet Enter our contest to win an jacket
739,Great tips amp leads to a happier
740,and is a time of celebrations so make sure you Visit
741,is around the corner Wish everyone a year ahead with blessing of
743,So many fun things to do on s Eve so plan your fun and schedule your with SeekingSitters
744,Advance Happy amp
747,Join us on the st of December as we transform our pool terrace area into Paddywood to welcome
748,hyping over the expectations Treat mightbe on or
749,Happy
751,Happy New Year
753,What preparations have I made for New Year
761,Party Banners FREE FREE UK Delivery with follow htt
764,Launched iOS mobile app in
765,has some fun surprises in store for you this Book Now or Call us
766,Party Banners FREE FREE UK Delivery with follow
767,All Christmas shopping has been completed I repeat all Christmas shopping has been completed
768,I got this for Rin And Haru for the celebration
769,Reckon the could be a great time to tell her I respect and adore her like a
770,NEW RELEASE Motivate Me an Oracle Guidebook perfect gift for the
773,Were gonna handle amp the w amp HAVE FUN w Us
776,Beauty Tips For Celebrate New Year
777,If you fancy a break to then check out our latest blog for a selection of whats available
782,We foresee the is going to come in with a bang Discover the best Events
783,Opening in Feb
784,Already thinking about a getaway Heres where you should be heading in January
786,Things could be looking up in new year Buy our Manifesto to find out why
787,Heres a List of Mobiles that are expected this with full specs Compare the upcoming phone
789,A is about change How much change have you cooperated with throughout the year
791,New Year brings New Year Resolutions Stay tuned for fun until tomorrow
792,Need to make a this or Focus on audience needs and themes Above all plan amp practise timing
795,prepare yourself for a dance like this in spring semester
796,Holidays are coming
800,is in for a New Year s Eve gala next week
804,Belt up for the greatest movies of Which one is at the top of your list thi coming
805,Yudy Namyz New SEND HAPPY NEW YEAR GREETING Year
806,Merry Christmas Music SEND HAPPY NEW YEAR GREETING Mix Best Trap Nation Mix Happy New
807,Wish you Happy SEND HAPPY NEW YEAR GREETING New year
808,Kumbham Aquarius Yearly SEND HAPPY NEW YEAR GREETING Astrology Horoscope New Year Ras
809,Buon Anno Felice SEND HAPPY NEW YEAR GREETING Anno Nuovo Happy New Year
810,Otaku New Years SEND HAPPY NEW YEAR GREETING Resolution Collaboration
811,Makaram Capricorn Yearly SEND HAPPY NEW YEAR GREETING Astrology Horoscope New Year Ra
816,Really excited about this who will yoga with me
817,Get the started off the right way Time for a refresh Our Dorset bedroom bundle offer is the perfect star
829,Get ready for bash
831,With                          just around the corner our will get all of us into a festive mood
833,Looking for a family night out on New Years Eve Why not head to New York Thunderbowl for their fabulous party night
839,First Day Hikes offer a great way to get outside exercise enjoy nature amp welcome the w friends amp family
840,Get your Christmas amp New year tickets sorted Tickets on sale now see Facebook page for details
841,Weve got Outfits and Outfit options coming up this week so keep your eyes peeled
843,I would buy my lovely husband a new wardrobe once he has managed to lose the three stones he has promised to shed
846,My was an wake up and realize about whos who
847,while on break We R open until eve this week Call for info on o
848,Gullah spirituals Shrimp amp grits Holiday shopping strolls This is in Learn more
849,Got my bike decorated now I can ride around amp entertain my neighbors with great music like Santa Baby by
857,Be Thankful
861,Watch on Beautiful Symphony of Lights Musical Tree             From In Florida
867,This lifesize pound foottall tree cake is one of the top coolest holiday cakes of all time http
868,Definitely time for some much needed rest and relaxation with my family
870,amp to Face Rejuvenating Kit Ends UK only
871,Fully lit Filippello Christmas Tree lights More to come soon Merry Christmas to You
872,An old fashioned holiday horse parade holiday ranch travel deals and more
874,Looking for a way to invite loved ones to Mass this
876,My small group won the Life Teen Christmas party costume contest
877,About to make family and friends really happy
879,Was live on FB today for the raffle winners won a phone and won a date with me
881,Watching Christmas movies with lt
884,Is this the best Christmas decoration ever
886,The staff at a barber shop in Baghdad dressing up as Santa Claus for the festive period
889,BeeSafe says have a wonderful week
890,Radio Show Dec th am Eastern on more festive music arriving ht
892,The incredible Christmas tree illuminating The South Street Seaport this season
893,Merry Christmas
896,Days to Christmas
897,As featured in Country Living UK Magazines Christmas Collection
898,Great gift ideas Get yours at
899,Join us on at noon for an annual tradition as General Washington and hundreds of soldiers cross t
901,time Follow our page and RT this post for your chance to a luxury hamper A great clo
902,Happy holidays from Josh aka Lul Baby and I
903,Edition of these popular drinks in Arent they just so adorable
904,Last minute party ideasditch the cans and go with supersized brews
907,extra Amazon gift card preorder book blast
908,Today is the Fourth Sunday in The Babe in a manger will be here soon
909,Will Aubrey give Eli a nd chance this Christmas in the Cove by
910,You can probably see it from space
913,Awesome Holiday Red Cast Iron Infuser amp
916,came early for Callidites big and small families enjoyed kids Christmas on the weekend
921,Finished some streamed on for awhile and played with my kids
923,countdown to fabulous
924,We Three Kings video from Nativity Play
925,Adroable Santa              will be back Thurs amp Fri Dec noon pm
930,Day of of a Harry Potter Christmas
934,Ive just entered the to win great stocking fillers Get involved
940,days to go amp to a Wireless Portable Music System in time for worth
942,Evening all              Wishing everyone an awesome break whats everyone doing
943,Baked some sugar cookies for the first time Im happy with the results
944,Great opportunity for everyone to shine
945,When has too much or
951,Experience the energy of the season
956,A fresh holiday sound Joy Fiona Joys with an twist
960,mountain is our favorite place We go every The best tubing snow boarding and spa
961,MT The First gift of the miracle
966,Keep calm and get your ho ho ho on being naughty and loving it
969,My wish is to put a smile on my daughters face
970,Spoke to Teen with Rare Whose Wish Came True by Visiting for Her Story on
972,Children of fallen law enforcement officers met at the in Cheektowaga today for a special treat
974,Dine with your family this Christmas at
984,Sleigh Bells Ring was awesome on Great movie Really enjoyed it
985,Every year my boys still write letters This year I found the perfect stationary Hobby Lobby which
987,Great ideas for Christmas
990,I have wanted these rings forever my daughters surprise for me this They
998,Had a lot of fun and laughs in with these crazy pair shopping and munchies love time with m
1000,Xmas vibe                          Miami Beach Florida
1001,Having spent many a in rough doss houses as a lad my heart goes out to those kids in temporay housing now h
1002,All I want for is for I wish he will win because he deserve it he is the best
1003,Clickgt for in a Box GREAT GIFT IDEA
1006,SOSMths GIVE HER A SWEAT HOME FOR
1007,Celebrating Holiday Birthdays
1009,Its a special Black Creek Tries for What better way to celebrate the than with a
1010,RTampFLW to enter for your chance to these goodies Ends UKampover only
1011,Printed Christmas postcards today
1012,Take the Enter the of from
1013,Its beginning to look a lot like
1014,Cheers                        Win a month subscription to here
1015,New for your chance to a festive jigsaw bundle RTampFLW ends pm
1016,Merry Xmas Everybody sn Slade click here Merry to all our listeners
1017,Just wrapped our special Landing soon Its and our th
1018,This pls DONT buy anyone a pet The shelters will be overrun in the New Year
1021,this was so cool being a part of
1023,Wow Still have someone on your list How about Awesome buttons
1025,Our kennel dogs would say this to Santa if they sat on his knee Give a dog a home for
1030,Over A People Came Together To Bring This Moving Hymn To Life
1032,Its The Most Wonderland Time of the Year
1033,Instant Dinner
1035,Hark The Herald Angels Sing its not without from my piano CD of Christmas Songs
1036,These goof balls were spreading cheer in the office Friday at
1037,on Day Days of Monetize your message with a Membership Program
1039,A great party
1040,Fantastic Christmas Experiences in London You Should Enjoy This Year
1043,For unto you is born this day in the city of David a Savior who is Christ the Lord Luke h
1044,Who wore it best manhattanviewatmima
1046,I adore but they take timeeffortlovepatience Pls DO NOT give a pet this the
1047,tree stocks sacristia de santa ana
1049,Mel MacFarlane shares how to gift the lingerie shell really love this
1050,New door decoration I love
1051,Planned menu   Now just buy and wrap presents Grocery shop and cook food             Yikes
1052,Merry Christmas from BADGLEY Music              Link to full song in my bio
1053,green
1055,day Countdown Win Carat Gold plated Golden Spa Brush Follow amp RT to Shop Now http
1056,is about celebrating Christ s birth
1057,Want some adorable and delicious Christmas tree
1058,getting a child a gift All I had to do was build this guy
1059,Under the Mistletoe Instant Win Up to points
1060,foot tree Old School Square Park in Delray Beach FL
1061,Todays earworm
1062,ITS NO DREAM Dreaming of a smoggy in S CA by
1063,What was Your Favorite Childhood Present              Was it a Bigwheel Old School GI Joe Cabbage Patch
1065,amp join my for amp Merry join her to              g
1066,for your chance to a festive jigsaw bundle RTampFLW ends pm
1067,Trying to finish up my last painting commission x mixed media on birch wood
1068,The Doctor is IN please
1069,A little Christmas cheer by leadership team
1071,Have you entered our comp Hurry Ends on Mon th Dec RT comment amp follow us TampCs at http
1072,tickets make great gifts
1073,Make this easy DIY Christmas Potpourri and use our free printable labels for gifting
1075,Eight Days makes a great Send it to your loved ones already wrapped
1076,Celebrating both and This eCard is perfect
1077,Celebrate the week before with our reaction show SPOILER we liked it
1088,Just find a jokes about lazy peons Anyone can share other jokes about lazy peons Safewow Flash
1091,The Here s a video I made for you
1092,a Naomi Campbell perfume              winners Follow amp RT to enter TampCs
1093,Corky has been in captivity for years Tell to send her home to a seaside sanctuary for
1094,Need last minute handmade jewelry Christmas gifts I ship fast
1095,Our student Karla performing at Rivas Music amp Videos Show No
1096,Had to share again HOUR CHRISTMAS ELECTRO HOUSE
1097,Heading off for our break
1104,Last Christmas              my beard game was too strong
1105,timesimply like amp RT for a chance to this set to keep you going in the run up to TampCs applyc
1106,traditions Topping your tree with your Dangling from your Regifting you
1107,on             Playing my own relaxing piano songs                          Enjoy life
1108,La navidad llego a IDP plan piloto bendiciones mis nios
1109,Look
1110,Dont trust for delivery this year simple cards have taken more than a week to move a few zip codes
1111,Ill lend a paw while you get the tape
1112,Be glad when is over
1113,The eco guide to
1114,Were ready
1115,Going away for the Here are a few ideas to make your home secure and not a target for thieves htt
1116,cards pictures max store chennai online shopping
1117,On morning remind yourself when you thank God for Americas that is a War DRAFT DOD
1118,Soviet vintage glass Christmas USSR Russian vintage glass
1119,party games adults xxxl naked
1120,Ballet dancers perform in Chile to celebrate season
1121,Wow Some interesting bits here The last past has a clip of her doing Lonely Goatherd with The Muppets
1122,I remember going with my family to cut down a real tree for our house just like Christmas Vacation we also sang carols
1123,In the Christmas spirit
1124,Girls This turned out great              vickya
1125,ways to handle a at
1126,For a last minute pick up a copy of Hidden Its time to get
1127,design made by my dear amp talented friend Thrcy from Passion Graphisme  htt
1128,COMPETITION  For our last comp before we are giving away a ROARsome Dino Lamp of your choice                         Follow amp RT to
1129,Over the moon about my mm F lens I got for from amp his bro Cant wai
1130,Santas got a present for you Its our new single Check it out and share it round
1135,ALWAYS KISS ME GOODNIGHT BLOCK Inspirational SIGN Primitive Rustic Home Decor
1136,Come back tomorrow to see the winner of todays us and todays contest post to enter
1137,day Countdown Win a Limited Edition FW Cosmetic Bag Follow amp RT to Shop Now
1139,Check out my new post The Christmas Gift   God With Us
1141,Its not to late to get your shopping in dont miss the final week of moving in Mon and opening Tues
1143,Heard has a special A Very It gets off to a festive start when Donald deport
1145,is overflowing with cheer Take a walk through the core you wont regret it Window d
1146,Still one of my favorite Christmas films Macaulay Culkin Uber
1148,Tag amp tweet using amp tell us whom would you like to surprise this TampC at
1149,Pearl Street in Boulder Colorado all dressed up for the holidays
1150,Miracle On th Street
1151,Dont forget the in your life We have gift cards online AND our new Wine Club
1152,What are some of your favorite foods during the holidays Mine is the festive fruit cake
1156,Thank you dear Lloyd for the of on
1157,What is a holiday survival tip I only know of Christmas survival tips Stop the war on
1158,Merry Christmas from all of us at HopeQuest
1160,Gingerbread Fudge Recipe A New Christmas Classic
1161,hear it yet             Funny In Strange Special  mixed jam
1163,This Christmas tree is my own Christmas spirit realized
1164,What a great way end the season Thanks Merry Xox
1165,The expectation of God s liberating amp saving action is now decisively focused on the coming of Jesus Christ
1168,On the sixth day of what do we have for you A topped with mango
1176,The Magical Pulls in to
1177,Enter to the Firetek Zyclone Ring Blaster Toy
1179,Sometimes you just have to watch Home Alone
1180,Congrats to James over with this awesome tech review this is an upandcoming tech reviewer to k
1181,Here ya goa really quick Christmas tree decorating lesson
1183,Seven more days till                           Fill up those stockings from our with FREE
1184,My beautiful Rickis team at our staff Christmas party
1185,New on Hey Roo today Merry Charactermas
1186,A classic frosty pinecone craft with a clever twist makes Decor
1187,This morning our class presented Enjoy
1188,Crowd source best red wine for mulled wine Also fave recipe I got an awesome spice mix ready
1189,Only more days till amp Soxxy is giving away MORE Retweet to automatically be entered to win a bundle of
1190,For more than a thousand years the  O Antiphons  have been recited or sung the week before by the church
1191,Caroling party complete with bells
1192,This was fun and cute but he knows we really get him his presents lol
1193,THE CHRISTMAS CONTRACT              Sweet without the spicy love scenes by
1200,Love the Christmas lights
1205,Congrats to James over with this awesome tech review this is an upandcoming tech reviewer
1206,HO HO HO spread some christmas cheer
1209,Le Creuset Kitchen Towels Set Of Flame Orange Mixed Patterns TH
1210,Twitter appeal gets Christmas presents for foster boys
1212,The Fragrance Collection Inspired by Prince oz Eau de Parfum Spray
1214,This place is so cool is so happy
1215,Thank you your visit put a smile on all our chrildren and families faces
1216,Let the Lords light guide you this season
1217,Give the of this season to
1218,Eeeeeee Im so happy to have caught one
1219,Days of South Australian On the first day of Christmas gave to us
1220,All I want for Christmas is pizza
1221,On Sunday nights we wear Santa hats
1228,All I want for is for the boys to be okay and together and happy and for to renew
1229,Awesome to see the lights at in s illuminations countdown
1233,The Santa Clause is like the Game of Thrones of Christmas movies You kill Santa you BECOME Santa
1235,Have Yourself A Merry Little Christmas
1236,Netflix doesnt have Home Alone No problem I got them on VHS Reliving my childhood
1241,Front Yard Nativity Decoration
1242,All done with my lil tinker bell arts
1243,and a podcast with Dale Ahlquist
1244,Top story via Kleinspiration Bucket List see more
1245,Its week until Christmas
1246,Set of glass toys Soviet glass Christmas USSR USSR glass toys
1248,Christmas Time at Gallery Victorio Emmanuel II Milan Italy varound the world
1249,Words cant describe how excited I am to see my family in Oklahoma
1251,Whip together an amazing platter in minutes Your step by step guide right here
1252,Love a good light display
1254,make a great and we can get them to you in a flash
1256,Can you give up a box of chocolates this Just buys boots for a child in need
1257,All we want for Christmas
1258,The best way to spread Christmas cheer is singing loud for all to hear Buddy the Elf
1260,got my christmas tree done and its a beautiful tree and we got a real one bc real trees are the best
1261,Are you ready for Christmas                          We Bare Bears
1262,Ok one more pic because it make me laugh
1264,Let there be Peace on Earth Let this be our prayer
1266,Heres a perfect holiday gift idea
1268,talk about at nwichurch
1270,Which character should you spend with Find out here
1272,Its the before amp time is running out to order a in time
1273,days of Apparently being bad is more fun than being good Except at
1275,Spent all my money on other people
1276,Merriest from Our Family to Yours
1278,Christmas Gift Guide amp
1281,Festive treat for fans Watch the cast share their favorite movies for h
1284,Hear Tom Brejcha speak as another Nativity Scene comes to a State Capital
1287,Backstage at time with our beautiful children
1288,JSVER offers a special for at
1289,Last day of our with prizes to be won each day Just RT amp Fav with chance
1290,Talk about a moment Happy holidays everybody
1291,Magical are take one this
1292,Date night also did my
1293,OFF with discount code LYCEVEL A Carol by Charles
1294,A lil private company party at Had a great time with my colleagues this evening
1298,Cookies because Christmas
1299,is on Saturday Theres still time to get an online gift voucher for a day of fun
1300,Me regalaron un ET LEGO y un bobble head de Home Alone
1302,Beautiful cardposter set Card Templates on Creative Market
1304,Best wishes from FinerLand
1307,Happy Weekend enjoy the candlelit spectacle in Gouda today
1309,Get into the spirit with s pick of festive wines including amp
1310,Ballerina European bracelet Dancer charm bracelet Leather Bracelet Large hole beads dancing
1311,Definitely getting my movie fix with on Only thing missing is a lil Die Hard
1312,A week with my fav much be
1314,Me and just watched santa paws and santa buddies and Im not even mad
1317,ANTIQUE ART DECO EMERALD PASTE K WHITE GOLD FILIGREE RING
1322,Harmonknights  cram in  extra cheer at concerts
1323,Christmas explores the heartbreak from a Kitty Cat A parody of Last Christmas
1329,Lovely to see in Birmingham city centre yesterday
1330,ad we saw in theater before Women get diet men get regular
1331,Merry Christmas Los Angeles California
1332,was so much FUN today
1336,Celebrating our move with a celebratory champagne clink
1337,Got my bike decorated now I can ride around amp entertain my neighbors with great music like Santas Blues
1338,Saltine toffee or crack is so easy
1340,Make a holiday cranberry poke cake for your dessert menu this gt
1341,Share this animation with someone you love to show them theyre not alone this Christmas
1342,DRPAULs HOLIDAY SAFETY TIPMake sure that there are no parts of the toy that could be swallowed by or can choke
1343,With WEEK til add this impressive ur list for the in ur life
1345,My Little Prayer video is out Be sure to check it out
1346,Farewelling some our staff Dinner
1347,When things don t go according to plan sing Jingle Bells
1348,COMPETITION Follow us and to win our Juice Box PREMIUM eliquids worth UK entries only
1349,Pin the Tail on the Reindeer Ugly by
1352,Why yes I did need help wrapping
1353,Joy to the world The Lord has come Merry Christmas from us to you
1354,Checking out the lights in Mesa
1355,I think christmas engagements are the sweetest thing ever
1356,What a the north is Its hard not to feel excited for here
1358,Using the hashtag join the global community in a world wide celebration of Everyone
1359,Completely unprepared
1360,Feeling festive              but not Milo              camillawithlove
1361,Felt inspired to make a read Available for free download here
1362,Oh merry Christmas bro
1363,Its a Wonderful Life Thoroughly enjoyed s lecture benefitting A fun festive amp
1364,Theres HOW MANY DAYS until Christmas
1365,Love this super emo bb
1366,Its a Most Wonderful Time of The Year George Wyel
1367,Hello hope we are all set for my new Web site is live please take a look thankyou
1372,Check out NEW Lacoste Mens Sailing Club Fleece Pullover Sweater Color Black Size XL
1380,gifts baskets korean artist online shop
1382,Thanks amp for a fun amp beautiful movie
1385,Top Clearwater couple bring Santa back for th year
1386,Kyocera Hydro Reach
1387,Check off lots of gifts at once with this from
1388,casseroles thatll make cooking dinner a little easier
1389,Welcome to the party pal
1391,Sweet idea for all you jerks lying to your kids
1392,I suppose its officially season
1393,is coming Were giving away a gift basket to a lucky member Come buy amp say HIGH
1395,on another from year ago
1396,Spend on the ocean bottom fighting bad guys Operation Ivy Bells No Amazon http
1397,RTampF for your last chance to our fab hamper                                                    good luck              winners will be annou
1398,Trim A Tree Collection In New In Box
1400,Envolviendo regalos ando
1401,Glass Set of glass toys glass Christmas USSR
1403,MT Families will spend without their loved ones Remember them
1404,First Christmas in the New House
1408,Tales for Eve a collection of short Englishlanguage Welsh stories from awardwinning writers
1409,Play the Weirds of and you could from a
1410,a hamper amp register to enter Register here to enter
1411,Nothing says more than singing
1413,inspired by sharing the holiday season with
1416,I love holidays
1418,Red amp Green Round Wicker Basket with Handle and Metal Jingle Bells cgeclectics
1420,Christmas is a special time at St John of God hospitals Our caregivers are getting into the spirit with th
1421,We do this all the time and not on purpose Haha mommy
1424,The of shines in so many vibrant colors womansworldmag equanimitymag
1425,Will romance or murder be on her doorstep this MURDER UPON A MIDNIGHT CLEAR
1426,Monday last day for shipping for Prints surprise your Trump fan with a signed print http
1427,What great news just before for these apprentices and their families
1429,Its starting to look a lot like Christmas
1437,Want to a hamper EASY Follow RT and comment Ends Midnight on winner announced on http
1439,Shipped in time for Christmas by ArlenesBoutique
1440,Two hours of footage down to an epic minute film Cant wait for you guys to watch this years video What a
1441,Manuel Galvez representing the Dota cap in Makati City Caps available
1443,Christmas Holiday Information from Holidays and Observances
1444,Highway To Hell Nr ACDC click here Merry to all our listeners
1445,whatre you talking about my family is perfectly normal
1446,Somerset HS students surprise classmate w pairs of shoes for Grab a tissue THIS Magic of Christmas
1447,Best part of was opening the first present to find out it was a huge pack of batteries Greatness was sure to follow
1448,Its begining to look a lot like Also its time to make resolutions We are resolved to spread kindne
1449,Got my bike decorated now I can ride around amp entertain my neighbors with great music like Wherever You
1451,Hope everyone is having a wonderful holiday season
1452,Enter our to your heating bills paid to kickoff RT amp follow to win TampC apply
1454,Amazingbuy   Original JJRC H MINI RC Quadcopter Helicopter axis CH GHz O
1459,RT mpdesignerwear countdown to fabulous
1462,Spent most of the weekend in the kitchen but all the goodie baskets are done goodies
1463,So ready for Christmas
1465,Brand New Sealed Apple iPad Air GB Wifi Gold Tablet Latest Model
1468,That wedding scene gives me chills every time
1470,Who said Dollar Store DIY Dollar Store Christmas Crafts amp Gifts
1471,When enjoying your remember there are families in with no shelter
1473,We re dreaming of a whitewater Trade snow for sand and join us on the waves these holidays
1475,I love Christmas time and I love building my town
1477,Its been a crazy week We hosted a record number of people for a family today and
1478,The team would like to wish all our Members amp Users a happy amp safe New Year http
1479,Christmas Launching at Nu Town
1480,Dont you just love surprises  RT for the chance to this
1483,Saint Catharines
1485,Something Green some of my green ornaments
1486,gifts baskets plastic surgeons in miami
1491,Joy to the worldHappy start of the Christmas week
1492,This Christmas celebrate the birth of the LIVING STONE Jesus Christ
1493,With just around the corner Im wondering what is giving away for
1494,Make time to listen to my Christmas album available all day Sat amp Sun on YouTube
1495,Before Ive got to finish my shopping in Wish me luck
1498,One of the best holiday movies hands down This is an elf I can get down with
1500,What she really wants for              gloves from
1506,Kiss your local santa
1508,on              Days of              WINNERS TODAY wwwvickif
1512,Song of the day Mommy Is There More Than Just One Santa Claus
1513,I need to make this Christmas ornament for my tree
1514,Glitter Gingerbread Ornaments clear plastic ornament makeover
1515,Hope you all have a bloody marvellous Hope to see you all again soon Real soon Have a goo
1528,has many colors amp white is one of them
1529,Me and dropping a song mixtape on
1534,The think I should move here and take up hula
1535,SignatureCollection Foaming Sugar Scrub NEW
1538,when your entire family gathers together to question why youre still single
1539,The side of that most of us dont see Spare a thought for the this festive season
1541,Special Christmas Concert    YouTube                                        Merry Christmas  sljp
1542,Just uploaded a sweet Christmas Edition Video on my channel                                     Link in my bio
1543,This will be my st time as a pastor I get to preach on Best way to spend is in Church
1544,lights amp decorations Second amp Final Phase
1545,is a soggy packed with raisins amp soaked in alcohol for a month before you can eat it
1547,Buy now to get by goes to HC vol amp keys
1548,When you realize Christmas is this Sunday
1550,Here is a few more random showmen that I made for now particular reason Merry Christmas everyone
1553,I want to a stylish Taylors Eye Witness Carving set in this
1554,The psychology of An interesting read in time for the festive season
1556,After years of captivity all Corky wants for is for to let her retire to a seaside sanctuary
1557,Protect me from the apple beasts The Hater s Guide To The WilliamsSonoma Catalog
1559,A new release on the label has been named one of best albums of Thanks
1561,Days till Christmas and my wallet is hooked up on a life support
1562,Only this week Lights thriller
1563,I wish I could get                                        a present
1565,Getting closer to the big day lt
1572,days til Christmas Try Poinsettia at and have a taste of For inquiries please call
1573,Merry Christmas sassymayes mommy bought a real tree this time
1574,Pretty beautiful display at Gulf Greyhound
1575,Sooo festive Love these for my Android phone too
1576,If youre not a gift to people every day of the year when time comes around youll have to buy gifts
1577,Im Santas helper this year Im wondering if you deserve a present              or not              Do you
1578,We are giving away The Sleigh Ride on DVD Just follow us and RT to enter this
1579,Spend on the ocean bottom fighting bad guys Operation Ivy Bells No Amazon
1580,Its almost and you can help a rescued dog in Find out how
1581,Gingerbread house
1582,Have a festive by entering our RT amp follow for the chance to
1583,We wish you a Merry Day of Songs by our
1584,My SoHo view
1585,Cole Haan Rockland
1586,The one thing I like this time of year the
1587,Annie Acorn s Treasury from et al
1588,I love this Christmas is coming amp the lights are beautiful
1591,Beyoncs house is decked out for and yes its glorious
1592,day new with And the rest of the fun brave valiant Librarians
1594,Its beginning to look a lot like Pixie says a big thank you for his mealworms
1595,Christmas is doing something a little extra for someone
1596,Order a Pack NOW in time for Delivery they make great gifts amp
1598,Marine Drive Park Royal
1599,Love Christmas trees Malibu
1600,Had a great time at my annual Christmas Concert with a full house So looking forward to next year
1601,of course you just made my tree beautiful Very first ornament
1604,Oh no Where are your gumdrop buttons
1605,Two hours of footage down to an epic minute film Cant wait for you guys to watch this years video
1606,Be sure to get your orders in very soon The deadline for shipping before ends soon
1607,Vintage mercury glass ornaments Soviet glass balls decorations from the
1609,Win Amazon Gift Card for Christmas
1611,Large Gorham Antique Sterling Silver MuffineerSugar Shaker inches
1612,How To Choose The Best Baseball Gloves Reviews
1613,Joyful day of wonderful HIStory messages ReasonTheSeason LeviLusko
1614,Currently inspired to write a Christmas poem ADD get behind me I got work to do
1615,Will delay Santa Read your from Joanne here
1616,Whats better than morning How about closing a couple deals before the year end
1617,Typical Christmas down under Australian woman finds curled up in tree
1620,Santa Claws My John Buscema Xmas Marvel house ad homage
1621,Happy Sunday   Vanaheim Studios
1622,Coles  new weapon in shoplifting war
1623,Finally got my little tree up tonight Its mini but sure is purty
1624,Christmas is time for friends family good food and amazing wine
1625,Get in on my premium snapchat to see my new sexy show
1642,Saw some Christmas lights tonight so magical
1649,This is the first time in the last four years in that we can get a tree              thanks thanks from
1651,Only more days till and Soxxy is giving away MORE socks Retweet to be entered to colorful
1653,All I want for is a Capri RS
1654,that was a great backstory to a great main story thank you you were marvellous http
1655,days until Have you got your gear ready for an awesome gift this year for or
1656,Happy Holidays with New Release info from Kacey Hammell
1657,Definitive Proof That No Place in the World Does as Well as
1658,Every man on these movies is either a prince or billionaire
1659,a Moments of Silence calendar
1661,Last Minute gifts for Cheers
1662,Malibu sunset so beautiful
1663,I love this cartoon it captures so perfectly who are
1664,Such Beautiful lights
1668,Best Christmas Song Ever Pogues Fairytale of New York
